{
  "meta_title": "",
  "meta_description": "",
  "sections": [
    {
      "type": "banner-slider",
      "autoplay": 6000,
      "slides": [
        {
          "start": "2021-03-01T20:05:25.100Z",
          "end": "2021-06-19T20:06:08.724Z",
          "img": "/img/uploads/capa-07-03.jpg"
        },
        {
          "start": "2021-03-04T00:48:19.198Z",
          "end": "2021-11-21T00:48:19.216Z",
          "img": "/img/uploads/capa-frete.jpg"
        }
      ]
    },
    {
      "type": "collection-shelf",
      "shuffle": false,
      "limit": 24,
      "page": 1,
      "collection_id": "603f9d356d50911b6052c18e:categories:Lançamento:/lancamento",
      "sort": "news"
    }
  ]
}